{"resourceType":"StructureDefinition","id":"hl7.fhir.ae-Observation-pregnancyDueDate","description":"Pregnancy Due Date","type":"Extension","context":[{"type":"element","expression":"Observation"}],"snapshot":{"element":[{"id":"Extension","path":"Extension","mustSupport":true},{"id":"Extension.value","path":"Extension.value","mustSupport":true,"short":"Pregnancy Due Date","type":"date"}]},"differential":{"element":[{"id":"Extension","path":"Extension","mustSupport":true},{"id":"Extension.value","path":"Extension.value","mustSupport":true,"short":"Pregnancy Due Date","type":"date"}]}}