{"resourceType":"StructureDefinition","id":"hl7.fhir.ae-AdverseEvent-rechallenge","description":null,"type":"Extension","context":[{"type":"element","expression":"AdverseEvent"}],"snapshot":{"element":[{"id":"Extension","path":"Extension","mustSupport":true},{"id":"Extension.value","path":"Extension.value","mustSupport":true,"type":"string"}]},"differential":{"element":[{"id":"Extension","path":"Extension","mustSupport":true},{"id":"Extension.value","path":"Extension.value","mustSupport":true,"type":"string"}]}}