{"resourceType":"StructureDefinition","id":"hl7.fhir.ae-AdverseEvent-programNumber","description":"Program Number","type":"Extension","context":[{"type":"element","expression":"AdverseEvent"}],"snapshot":{"element":[{"id":"Extension","path":"Extension","mustSupport":true},{"id":"Extension.value","path":"Extension.value","mustSupport":true,"short":"Program Number","type":"string"}]},"differential":{"element":[{"id":"Extension","path":"Extension","mustSupport":true},{"id":"Extension.value","path":"Extension.value","mustSupport":true,"short":"Program Number","type":"string"}]}}