{"resourceType":"StructureDefinition","id":"hl7.fhir.ae-AdverseEvent-sourceType","description":"Source Type","type":"Extension","context":[{"type":"element","expression":"AdverseEvent"}],"snapshot":{"element":[{"id":"Extension","path":"Extension","mustSupport":true},{"id":"Extension.value","path":"Extension.value","mustSupport":true,"short":"Source Type","type":"code","binding":{"valueSet":"https://healthsamurai.github.io/igpop/valuesets/intelligent-source.html","strength":"extensible","description":null}}]},"differential":{"element":[{"id":"Extension","path":"Extension","mustSupport":true},{"id":"Extension.value","path":"Extension.value","mustSupport":true,"short":"Source Type","type":"code","binding":{"valueSet":"https://healthsamurai.github.io/igpop/valuesets/intelligent-source.html","strength":"extensible","description":null}}]}}