{"resourceType":"StructureDefinition","id":"hl7.fhir.ae-RelatedPerson-consentToContactReporter","description":"Adverse Event Consent to Contact Extension","type":"Extension","context":[{"type":"element","expression":"RelatedPerson"}],"snapshot":{"element":[{"id":"Extension","path":"Extension","mustSupport":true},{"id":"Extension.value","path":"Extension.value","mustSupport":true,"short":"Adverse Event Consent to Contact Extension","type":"boolean"}]},"differential":{"element":[{"id":"Extension","path":"Extension","mustSupport":true},{"id":"Extension.value","path":"Extension.value","mustSupport":true,"short":"Adverse Event Consent to Contact Extension","type":"boolean"}]}}