{"resourceType":"StructureDefinition","id":"hl7.fhir.ae-Patient","description":"This profile sets minimum expectations for the Patient resource to record, search and fetch basic demographics and other administrative information about an individual patient. It identifies which core elements, extensions, vocabularies and value sets SHALL be present in the resource when using this profile.","type":"Patient","snapshot":{"element":[{"id":"Patient.communication.id","path":"Patient.communication.id","mustSupport":true,"short":"Unique id for inter-element referencing","type":"string"},{"id":"Patient.extension:consentToContactPatient","path":"Patient.extension","mustSupport":true,"short":"Adverse Event Consent to Contact Extension","type":[{"code":"Extension"}]},{"id":"Patient","path":"Patient","mustSupport":true,"short":"This profile sets minimum expectations for the Patient resource to record, search and fetch basic demographics and other administrative information about an individual patient. It identifies which core elements, extensions, vocabularies and value sets SHALL be present in the resource when using this profile.","kind":"resource"},{"id":"Patient.communication.preferred","path":"Patient.communication.preferred","mustSupport":true,"short":"Language preference indicator","type":"boolean"},{"id":"Patient.contact.address","path":"Patient.contact.address","mustSupport":true,"short":"Address for the contact person","type":"Address"},{"id":"Patient.address","path":"Patient.address","mustSupport":true,"collection":true,"short":"An address for the individual","type":"Address"},{"id":"Patient.link.other","path":"Patient.link.other","mustSupport":true,"short":"The other patient or related person resource that the link refers to","min":1,"type":"Reference"},{"id":"Patient.deceased[x]","path":"Patient.deceased[x]","mustSupport":true,"short":"Indicates if the individual is deceased or not","type":[{"code":"boolean"},{"code":"dateTime"}]},{"id":"Patient.text","path":"Patient.text","mustSupport":true,"short":"Text summary of the resource, for human interpretation","type":"Narrative"},{"id":"Patient.contact.name","path":"Patient.contact.name","mustSupport":true,"short":"A name associated with the contact person","type":"HumanName"},{"id":"Patient.address.extension:region","path":"Patient.address.extension","mustSupport":true,"type":[{"code":"Extension"}]},{"id":"Patient.managingOrganization","path":"Patient.managingOrganization","mustSupport":true,"short":"Organization that is the custodian of the patient record","type":"Reference"},{"id":"Patient.identifier","path":"Patient.identifier","mustSupport":true,"collection":true,"short":"An identifier for this patient","type":"Identifier"},{"id":"Patient.extension:gender","path":"Patient.extension","mustSupport":true,"type":[{"code":"Extension"}]},{"id":"Patient.link.id","path":"Patient.link.id","mustSupport":true,"short":"Unique id for inter-element referencing","type":"string"},{"id":"Patient.gender","path":"Patient.gender","mustSupport":true,"short":"male | female | other | unknown","type":"code","binding":{"valueSet":"https://healthsamurai.github.io/igpop/valuesets/administrative-gender.html","strength":"required","description":null}},{"id":"Patient.contact.telecom","path":"Patient.contact.telecom","mustSupport":true,"collection":true,"short":"A contact detail for the person","type":"ContactPoint"},{"id":"Patient.link.type","path":"Patient.link.type","mustSupport":true,"short":"replaced-by | replaces | refer | seealso","min":1,"type":"code","binding":{"valueSet":"https://healthsamurai.github.io/igpop/valuesets/link-type.html","strength":"required","description":null}},{"id":"Patient.multipleBirth[x]","path":"Patient.multipleBirth[x]","mustSupport":true,"short":"Whether patient is part of a multiple birth","type":[{"code":"boolean"},{"code":"integer"}]},{"id":"Patient.generalPractitioner","path":"Patient.generalPractitioner","mustSupport":true,"collection":true,"short":"Patient's nominated primary care provider","type":"Reference"},{"id":"Patient.language","path":"Patient.language","mustSupport":true,"short":"Language of the resource content","type":"code"},{"id":"Patient.extension:patientAge","path":"Patient.extension","mustSupport":true,"type":[{"code":"Extension"}]},{"id":"Patient.contact.gender","path":"Patient.contact.gender","mustSupport":true,"short":"male | female | other | unknown","type":"code","binding":{"valueSet":"https://healthsamurai.github.io/igpop/valuesets/administrative-gender.html","strength":"required","description":null}},{"id":"Patient.photo","path":"Patient.photo","mustSupport":true,"collection":true,"short":"Image of the patient","type":"Attachment"},{"id":"Patient.contact.relationship","path":"Patient.contact.relationship","mustSupport":true,"collection":true,"short":"The kind of relationship","type":"CodeableConcept"},{"id":"Patient.contact.id","path":"Patient.contact.id","mustSupport":true,"short":"Unique id for inter-element referencing","type":"string"},{"id":"Patient.telecom","path":"Patient.telecom","mustSupport":true,"collection":true,"short":"A contact detail for the individual","type":"ContactPoint"},{"id":"Patient.maritalStatus","path":"Patient.maritalStatus","mustSupport":true,"short":"Marital (civil) status of a patient","type":"CodeableConcept"},{"id":"Patient.communication.language","path":"Patient.communication.language","mustSupport":true,"short":"The language which can be used to communicate with the patient about his or her health","min":1,"type":"CodeableConcept"},{"id":"Patient.communication","path":"Patient.communication","mustSupport":true,"collection":true,"short":"A language which may be used to communicate with the patient about his or her health"},{"id":"Patient.contact.organization","path":"Patient.contact.organization","mustSupport":true,"short":"Organization that is associated with the contact","type":"Reference"},{"id":"Patient.contact","path":"Patient.contact","mustSupport":true,"collection":true,"short":"A contact party (e.g. guardian, partner, friend) for the patient"},{"id":"Patient.birthDate","path":"Patient.birthDate","mustSupport":true,"short":"The date of birth for the individual","type":"date"},{"id":"Patient.meta","path":"Patient.meta","mustSupport":true,"short":"Metadata about the resource","type":"Meta"},{"id":"Patient.name.extension:salutation","path":"Patient.name.extension","mustSupport":true,"type":[{"code":"Extension"}]},{"id":"Patient.link","path":"Patient.link","mustSupport":true,"collection":true,"short":"Link to another patient resource that concerns the same actual person"},{"id":"Patient.extension:ageGroup","path":"Patient.extension","mustSupport":true,"type":[{"code":"Extension"}]},{"id":"Patient.id","path":"Patient.id","mustSupport":true,"short":"Logical id of this artifact","type":"id"},{"id":"Patient.extension:ethnicity","path":"Patient.extension","mustSupport":true,"short":"Adverse Event Ethnicity Extension","type":[{"code":"Extension"}],"binding":{"valueSet":"https://healthsamurai.github.io/igpop/valuesets/detailed-ethnicity.html","strength":"extensible","description":null}},{"id":"Patient.contact.period","path":"Patient.contact.period","mustSupport":true,"short":"The period during which this contact person or organization is valid to be contacted relating to this patient","type":"Period"},{"id":"Patient.active","path":"Patient.active","mustSupport":true,"short":"Whether this patient's record is in active use","type":"boolean"},{"id":"Patient.name","path":"Patient.name","mustSupport":true,"collection":true,"short":"A name associated with the patient","type":"HumanName"}]},"differential":{"element":[{"id":"Patient.extension:consentToContactPatient","path":"Patient.extension","mustSupport":true,"short":"Adverse Event Consent to Contact Extension","type":[{"code":"Extension"}]},{"id":"Patient","path":"Patient","mustSupport":true,"short":"This profile sets minimum expectations for the Patient resource to record, search and fetch basic demographics and other administrative information about an individual patient. It identifies which core elements, extensions, vocabularies and value sets SHALL be present in the resource when using this profile."},{"id":"Patient.address","path":"Patient.address","mustSupport":true},{"id":"Patient.address.extension:region","path":"Patient.address.extension","mustSupport":true,"type":[{"code":"Extension"}]},{"id":"Patient.extension:gender","path":"Patient.extension","mustSupport":true,"type":[{"code":"Extension"}]},{"id":"Patient.extension:patientAge","path":"Patient.extension","mustSupport":true,"type":[{"code":"Extension"}]},{"id":"Patient.name.extension:salutation","path":"Patient.name.extension","mustSupport":true,"type":[{"code":"Extension"}]},{"id":"Patient.extension:ageGroup","path":"Patient.extension","mustSupport":true,"type":[{"code":"Extension"}]},{"id":"Patient.extension:ethnicity","path":"Patient.extension","mustSupport":true,"short":"Adverse Event Ethnicity Extension","type":[{"code":"Extension"}],"binding":{"valueSet":"https://healthsamurai.github.io/igpop/valuesets/detailed-ethnicity.html","strength":"extensible","description":null}},{"id":"Patient.name","path":"Patient.name","mustSupport":true}]}}