{"resourceType":"StructureDefinition","id":"hl7.fhir.ae-AdverseEvent-surveyStatus","description":"Survey Status","type":"Extension","context":[{"type":"element","expression":"AdverseEvent"}],"snapshot":{"element":[{"id":"Extension","path":"Extension","mustSupport":true},{"id":"Extension.value","path":"Extension.value","mustSupport":true,"short":"Survey Status","type":"code","binding":{"valueSet":"https://healthsamurai.github.io/igpop/valuesets/survey-status.html","strength":"extensible","description":null}}]},"differential":{"element":[{"id":"Extension","path":"Extension","mustSupport":true},{"id":"Extension.value","path":"Extension.value","mustSupport":true,"short":"Survey Status","type":"code","binding":{"valueSet":"https://healthsamurai.github.io/igpop/valuesets/survey-status.html","strength":"extensible","description":null}}]}}