{"resourceType":"StructureDefinition","id":"hl7.fhir.ae-AdverseEvent","description":"Actual or  potential/avoided event causing unintended physical injury resulting from or contributed to by medical care, a research study or other healthcare setting factors that requires additional monitoring, treatment, or hospitalization, or that results in death.","type":"AdverseEvent","snapshot":{"element":[{"id":"AdverseEvent.suspectEntity.causality.productRelatedness","path":"AdverseEvent.suspectEntity.causality.productRelatedness","mustSupport":true,"short":"AdverseEvent.suspectEntity.causalityProductRelatedness","type":"string"},{"id":"AdverseEvent.suspectEntity.causality.method","path":"AdverseEvent.suspectEntity.causality.method","mustSupport":true,"short":"ProbabilityScale | Bayesian | Checklist","type":"CodeableConcept"},{"id":"AdverseEvent.severity","path":"AdverseEvent.severity","mustSupport":true,"short":"mild | moderate | severe","type":"CodeableConcept","binding":{"valueSet":"https://healthsamurai.github.io/igpop/valuesets/adverse-event-severity.html","strength":"required","description":null}},{"id":"AdverseEvent.recorder","path":"AdverseEvent.recorder","mustSupport":true,"short":"Who recorded the adverse event","type":"Reference"},{"id":"AdverseEvent.recordedDate","path":"AdverseEvent.recordedDate","mustSupport":true,"short":"When the event was recorded","type":"dateTime"},{"id":"AdverseEvent.detected","path":"AdverseEvent.detected","mustSupport":true,"short":"When the event was detected","type":"dateTime"},{"id":"AdverseEvent.encounter","path":"AdverseEvent.encounter","mustSupport":true,"short":"Encounter created as part of","type":"Reference"},{"id":"AdverseEvent.date","path":"AdverseEvent.date","mustSupport":true,"short":"When the event occurred","type":"dateTime"},{"id":"AdverseEvent.suspectEntity.causality.author","path":"AdverseEvent.suspectEntity.causality.author","mustSupport":true,"short":"AdverseEvent.suspectEntity.causalityAuthor","type":"Reference"},{"id":"AdverseEvent.extension:localReference","path":"AdverseEvent.extension","mustSupport":true,"short":"Local Ref No","type":[{"code":"Extension"}]},{"id":"AdverseEvent.referenceDocument","path":"AdverseEvent.referenceDocument","mustSupport":true,"collection":true,"short":"AdverseEvent.referenceDocument","type":"Reference"},{"id":"AdverseEvent.outcome","path":"AdverseEvent.outcome","mustSupport":true,"short":"resolved | recovering | ongoing | resolvedWithSequelae | fatal | unknown","type":"CodeableConcept","binding":{"valueSet":"https://healthsamurai.github.io/igpop/valuesets/adverse-event-outcome.html","strength":"required","description":null}},{"id":"AdverseEvent.actuality","path":"AdverseEvent.actuality","mustSupport":true,"short":"actual | potential","min":1,"type":"code","binding":{"valueSet":"https://healthsamurai.github.io/igpop/valuesets/adverse-event-actuality.html","strength":"required","description":null}},{"id":"AdverseEvent.suspectEntity.id","path":"AdverseEvent.suspectEntity.id","mustSupport":true,"short":"Unique id for inter-element referencing","type":"string"},{"id":"AdverseEvent.extension:programNumber","path":"AdverseEvent.extension","mustSupport":true,"short":"Program Number","type":[{"code":"Extension"}]},{"id":"AdverseEvent.extension:AZEmployeeReporter","path":"AdverseEvent.extension","mustSupport":true,"type":[{"code":"Extension"}]},{"id":"AdverseEvent.text","path":"AdverseEvent.text","mustSupport":true,"short":"Text summary of the resource, for human interpretation","type":"Narrative"},{"id":"AdverseEvent.suspectEntity.causality.extension:positiveRechallenge","path":"AdverseEvent.suspectEntity.causality.extension","mustSupport":true,"type":[{"code":"Extension"}]},{"id":"AdverseEvent.suspectEntity","path":"AdverseEvent.suspectEntity","mustSupport":true,"collection":true,"short":"The suspected agent causing the adverse event"},{"id":"AdverseEvent.category","path":"AdverseEvent.category","mustSupport":true,"collection":true,"short":"product-problem | product-quality | product-use-error | wrong-dose | incorrect-prescribing-information | wrong-technique | wrong-route-of-administration | wrong-rate | wrong-duration | wrong-time | expired-drug | medical-device-use-error | problem-different-manufacturer | unsafe-physical-environment","type":"CodeableConcept"},{"id":"AdverseEvent.suspectEntity.instance","path":"AdverseEvent.suspectEntity.instance","mustSupport":true,"short":"Refers to the specific entity that caused the adverse event","min":1,"type":"Reference"},{"id":"AdverseEvent.subjectMedicalHistory","path":"AdverseEvent.subjectMedicalHistory","mustSupport":true,"collection":true,"short":"AdverseEvent.subjectMedicalHistory","type":"Reference"},{"id":"AdverseEvent.suspectEntity.causality.extension:rechallenge","path":"AdverseEvent.suspectEntity.causality.extension","mustSupport":true,"type":[{"code":"Extension"}]},{"id":"AdverseEvent.extension:sourceType","path":"AdverseEvent.extension","mustSupport":true,"short":"Source Type","type":[{"code":"Extension"}],"binding":{"valueSet":"https://healthsamurai.github.io/igpop/valuesets/intelligent-source.html","strength":"extensible","description":null}},{"id":"AdverseEvent.contributor","path":"AdverseEvent.contributor","mustSupport":true,"collection":true,"short":"Who  was involved in the adverse event or the potential adverse event","type":"Reference"},{"id":"AdverseEvent.suspectEntity.causality","path":"AdverseEvent.suspectEntity.causality","mustSupport":true,"collection":true,"short":"Information on the possible cause of the event"},{"id":"AdverseEvent.extension:lateReason","path":"AdverseEvent.extension","mustSupport":true,"short":"Late reason for raising adverse event","type":[{"code":"Extension"}]},{"id":"AdverseEvent.extension:reporterType","path":"AdverseEvent.extension","mustSupport":true,"type":[{"code":"Extension"}]},{"id":"AdverseEvent.suspectEntity.causality.id","path":"AdverseEvent.suspectEntity.causality.id","mustSupport":true,"short":"Unique id for inter-element referencing","type":"string"},{"id":"AdverseEvent.event","path":"AdverseEvent.event","mustSupport":true,"short":"Type of the event itself in relation to the subject","type":"CodeableConcept"},{"id":"AdverseEvent","path":"AdverseEvent","mustSupport":true,"short":"Actual or  potential/avoided event causing unintended physical injury resulting from or contributed to by medical care, a research study or other healthcare setting factors that requires additional monitoring, treatment, or hospitalization, or that results in death.","kind":"resource"},{"id":"AdverseEvent.resultingCondition","path":"AdverseEvent.resultingCondition","mustSupport":true,"collection":true,"short":"Effect on the subject due to this event","type":"Reference"},{"id":"AdverseEvent.identifier","path":"AdverseEvent.identifier","mustSupport":true,"short":"Business identifier for the event","type":"Identifier"},{"id":"AdverseEvent.suspectEntity.causality.assessment","path":"AdverseEvent.suspectEntity.causality.assessment","mustSupport":true,"short":"Assessment of if the entity caused the event","type":"CodeableConcept"},{"id":"AdverseEvent.suspectEntity.causality.extension:positiveDechallenge","path":"AdverseEvent.suspectEntity.causality.extension","mustSupport":true,"type":[{"code":"Extension"}]},{"id":"AdverseEvent.location","path":"AdverseEvent.location","mustSupport":true,"short":"Location where adverse event occurred","type":"Reference"},{"id":"AdverseEvent.subject","path":"AdverseEvent.subject","mustSupport":true,"short":"Subject impacted by event","min":1,"type":"Reference"},{"id":"AdverseEvent.id","path":"AdverseEvent.id","mustSupport":true,"short":"Logical id of this artifact","type":"id"},{"id":"AdverseEvent.meta","path":"AdverseEvent.meta","mustSupport":true,"short":"Metadata about the resource","type":"Meta"},{"id":"AdverseEvent.seriousness","path":"AdverseEvent.seriousness","mustSupport":true,"short":"Seriousness of the event","type":"CodeableConcept"},{"id":"AdverseEvent.study","path":"AdverseEvent.study","mustSupport":true,"collection":true,"short":"AdverseEvent.study","type":"Reference"},{"id":"AdverseEvent.extension:surveyStatus","path":"AdverseEvent.extension","mustSupport":true,"short":"Survey Status","type":[{"code":"Extension"}],"binding":{"valueSet":"https://healthsamurai.github.io/igpop/valuesets/survey-status.html","strength":"extensible","description":null}},{"id":"AdverseEvent.language","path":"AdverseEvent.language","mustSupport":true,"short":"Language of the resource content","type":"code"}]},"differential":{"element":[{"id":"AdverseEvent.extension:localReference","path":"AdverseEvent.extension","mustSupport":true,"short":"Local Ref No","type":[{"code":"Extension"}]},{"id":"AdverseEvent.extension:programNumber","path":"AdverseEvent.extension","mustSupport":true,"short":"Program Number","type":[{"code":"Extension"}]},{"id":"AdverseEvent.extension:AZEmployeeReporter","path":"AdverseEvent.extension","mustSupport":true,"type":[{"code":"Extension"}]},{"id":"AdverseEvent.suspectEntity.causality.extension:positiveRechallenge","path":"AdverseEvent.suspectEntity.causality.extension","mustSupport":true,"type":[{"code":"Extension"}]},{"id":"AdverseEvent.suspectEntity","path":"AdverseEvent.suspectEntity","mustSupport":true},{"id":"AdverseEvent.suspectEntity.causality.extension:rechallenge","path":"AdverseEvent.suspectEntity.causality.extension","mustSupport":true,"type":[{"code":"Extension"}]},{"id":"AdverseEvent.extension:sourceType","path":"AdverseEvent.extension","mustSupport":true,"short":"Source Type","type":[{"code":"Extension"}],"binding":{"valueSet":"https://healthsamurai.github.io/igpop/valuesets/intelligent-source.html","strength":"extensible","description":null}},{"id":"AdverseEvent.suspectEntity.causality","path":"AdverseEvent.suspectEntity.causality","mustSupport":true},{"id":"AdverseEvent.extension:lateReason","path":"AdverseEvent.extension","mustSupport":true,"short":"Late reason for raising adverse event","type":[{"code":"Extension"}]},{"id":"AdverseEvent.extension:reporterType","path":"AdverseEvent.extension","mustSupport":true,"type":[{"code":"Extension"}]},{"id":"AdverseEvent","path":"AdverseEvent","mustSupport":true,"short":"Actual or  potential/avoided event causing unintended physical injury resulting from or contributed to by medical care, a research study or other healthcare setting factors that requires additional monitoring, treatment, or hospitalization, or that results in death.","kind":"resource"},{"id":"AdverseEvent.suspectEntity.causality.extension:positiveDechallenge","path":"AdverseEvent.suspectEntity.causality.extension","mustSupport":true,"type":[{"code":"Extension"}]},{"id":"AdverseEvent.extension:surveyStatus","path":"AdverseEvent.extension","mustSupport":true,"short":"Survey Status","type":[{"code":"Extension"}],"binding":{"valueSet":"https://healthsamurai.github.io/igpop/valuesets/survey-status.html","strength":"extensible","description":null}}]}}