{"resourceType":"StructureDefinition","id":"hl7.fhir.ae-Observation-pregnancyFlag","description":"Pregnancy","type":"Extension","context":[{"type":"element","expression":"Observation"}],"snapshot":{"element":[{"id":"Extension","path":"Extension","mustSupport":true},{"id":"Extension.value","path":"Extension.value","mustSupport":true,"short":"Pregnancy","type":"boolean"}]},"differential":{"element":[{"id":"Extension","path":"Extension","mustSupport":true},{"id":"Extension.value","path":"Extension.value","mustSupport":true,"short":"Pregnancy","type":"boolean"}]}}