{"resourceType":"StructureDefinition","id":"hl7.fhir.ae-Observation-previousPregnanciesDetails","description":"Details of previous pregnancies","type":"Extension","context":[{"type":"element","expression":"Observation"}],"snapshot":{"element":[{"id":"Extension","path":"Extension","mustSupport":true},{"id":"Extension.value","path":"Extension.value","mustSupport":true,"short":"Details of previous pregnancies","type":"string"}]},"differential":{"element":[{"id":"Extension","path":"Extension","mustSupport":true},{"id":"Extension.value","path":"Extension.value","mustSupport":true,"short":"Details of previous pregnancies","type":"string"}]}}