{"resourceType":"StructureDefinition","id":"hl7.fhir.ae-Patient-patientAge","description":null,"type":"Extension","context":[{"type":"element","expression":"Patient"}],"snapshot":{"element":[{"id":"Extension","path":"Extension","mustSupport":true},{"id":"Extension.value","path":"Extension.value","mustSupport":true,"type":"integer"}]},"differential":{"element":[{"id":"Extension","path":"Extension","mustSupport":true},{"id":"Extension.value","path":"Extension.value","mustSupport":true,"type":"integer"}]}}