{"resourceType":"StructureDefinition","id":"hl7.fhir.ae-Condition","description":"This profile sets minimum expectations for the Condition resource to record,\nsearch and fetch a list of problems and health concerns associated with a patient.\nIt identifies which core elements,\nextensions, vocabularies and value sets SHALL be present in the resource when using this profile.\n","type":"Condition","snapshot":{"element":[{"id":"Condition.note","path":"Condition.note","mustSupport":true,"collection":true,"short":"Additional information about the Condition","type":"Annotation"},{"id":"Condition.bodySite","path":"Condition.bodySite","mustSupport":true,"collection":true,"short":"Anatomical location, if relevant","type":"CodeableConcept"},{"id":"Condition.identifier","path":"Condition.identifier","mustSupport":true,"collection":true,"short":"External Ids for this condition","type":"Identifier"},{"id":"Condition.extension:outcome","path":"Condition.extension","mustSupport":true,"type":[{"code":"Extension"}],"binding":{"valueSet":"https://healthsamurai.github.io/igpop/valuesets/condition-outcome.html","strength":"extensible","description":null}},{"id":"Condition.encounter","path":"Condition.encounter","mustSupport":true,"short":"Encounter created as part of","type":"Reference"},{"id":"Condition.recorder","path":"Condition.recorder","mustSupport":true,"short":"Who recorded the condition","type":"Reference"},{"id":"Condition","path":"Condition","mustSupport":true,"short":"This profile sets minimum expectations for the Condition resource to record,\nsearch and fetch a list of problems and health concerns associated with a patient.\nIt identifies which core elements,\nextensions, vocabularies and value sets SHALL be present in the resource when using this profile.\n","kind":"resource"},{"id":"Condition.verificationStatus","path":"Condition.verificationStatus","mustSupport":true,"short":"unconfirmed | provisional | differential | confirmed | refuted | entered-in-error","type":"CodeableConcept","binding":{"valueSet":"https://healthsamurai.github.io/igpop/valuesets/condition-ver-status.html","strength":"required","description":null}},{"id":"Condition.extension:resultingCondition","path":"Condition.extension","mustSupport":true,"type":[{"code":"Extension"}],"binding":{"valueSet":"https://healthsamurai.github.io/igpop/valuesets/resulting-condition.html","strength":"extensible","description":null}},{"id":"Condition.clinicalStatus","path":"Condition.clinicalStatus","mustSupport":true,"short":"active | recurrence | relapse | inactive | remission | resolved","type":"CodeableConcept","binding":{"valueSet":"https://healthsamurai.github.io/igpop/valuesets/condition-clinical.html","strength":"required","description":null}},{"id":"Condition.asserter","path":"Condition.asserter","mustSupport":true,"short":"Person who asserts this condition","type":"Reference"},{"id":"Condition.stage","path":"Condition.stage","mustSupport":true,"collection":true,"short":"Stage/grade, usually assessed formally"},{"id":"Condition.language","path":"Condition.language","mustSupport":true,"short":"Language of the resource content","type":"code"},{"id":"Condition.recordedDate","path":"Condition.recordedDate","mustSupport":true,"short":"Date record was first recorded","type":"dateTime"},{"id":"Condition.abatement[x]","path":"Condition.abatement[x]","mustSupport":true,"short":"When in resolution/remission","type":[{"code":"dateTime"},{"code":"Age"},{"code":"Period"},{"code":"Range"},{"code":"string"}]},{"id":"Condition.extension:seriousness","path":"Condition.extension","mustSupport":true,"type":[{"code":"Extension"}],"binding":{"valueSet":"https://healthsamurai.github.io/igpop/valuesets/condition-seriousness.html","strength":"extensible","description":null}},{"id":"Condition.stage.type","path":"Condition.stage.type","mustSupport":true,"short":"Kind of staging","type":"CodeableConcept"},{"id":"Condition.stage.assessment","path":"Condition.stage.assessment","mustSupport":true,"collection":true,"short":"Formal record of assessment","type":"Reference"},{"id":"Condition.evidence.code","path":"Condition.evidence.code","mustSupport":true,"collection":true,"short":"Manifestation/symptom","type":"CodeableConcept"},{"id":"Condition.text","path":"Condition.text","mustSupport":true,"short":"Text summary of the resource, for human interpretation","type":"Narrative"},{"id":"Condition.onset[x]","path":"Condition.onset[x]","mustSupport":true,"short":"Estimated or actual date,  date-time, or age","type":[{"code":"dateTime"},{"code":"Age"},{"code":"Period"},{"code":"Range"},{"code":"string"}]},{"id":"Condition.category","path":"Condition.category","mustSupport":true,"collection":true,"short":"problem-list-item | encounter-diagnosis","type":"CodeableConcept"},{"id":"Condition.evidence","path":"Condition.evidence","mustSupport":true,"collection":true,"short":"Supporting evidence"},{"id":"Condition.subject","path":"Condition.subject","mustSupport":true,"short":"Who has the condition?","min":1,"type":"Reference"},{"id":"Condition.severity","path":"Condition.severity","mustSupport":true,"short":"Subjective severity of condition","type":"CodeableConcept"},{"id":"Condition.extension:duration","path":"Condition.extension","mustSupport":true,"type":[{"code":"Extension"}]},{"id":"Condition.code","path":"Condition.code","mustSupport":true,"short":"Identification of the condition, problem or diagnosis","type":"CodeableConcept"},{"id":"Condition.evidence.detail","path":"Condition.evidence.detail","mustSupport":true,"collection":true,"short":"Supporting information found elsewhere","type":"Reference"},{"id":"Condition.id","path":"Condition.id","mustSupport":true,"short":"Logical id of this artifact","type":"id"},{"id":"Condition.stage.summary","path":"Condition.stage.summary","mustSupport":true,"short":"Simple summary (disease specific)","type":"CodeableConcept"},{"id":"Condition.evidence.id","path":"Condition.evidence.id","mustSupport":true,"short":"Unique id for inter-element referencing","type":"string"},{"id":"Condition.stage.id","path":"Condition.stage.id","mustSupport":true,"short":"Unique id for inter-element referencing","type":"string"},{"id":"Condition.meta","path":"Condition.meta","mustSupport":true,"short":"Metadata about the resource","type":"Meta"}]},"differential":{"element":[{"id":"Condition","path":"Condition","mustSupport":true,"short":"This profile sets minimum expectations for the Condition resource to record,\nsearch and fetch a list of problems and health concerns associated with a patient.\nIt identifies which core elements,\nextensions, vocabularies and value sets SHALL be present in the resource when using this profile.\n"},{"id":"Condition.extension:duration","path":"Condition.extension","mustSupport":true,"type":[{"code":"Extension"}]},{"id":"Condition.extension:seriousness","path":"Condition.extension","mustSupport":true,"type":[{"code":"Extension"}],"binding":{"valueSet":"https://healthsamurai.github.io/igpop/valuesets/condition-seriousness.html","strength":"extensible","description":null}},{"id":"Condition.extension:resultingCondition","path":"Condition.extension","mustSupport":true,"type":[{"code":"Extension"}],"binding":{"valueSet":"https://healthsamurai.github.io/igpop/valuesets/resulting-condition.html","strength":"extensible","description":null}},{"id":"Condition.extension:outcome","path":"Condition.extension","mustSupport":true,"type":[{"code":"Extension"}],"binding":{"valueSet":"https://healthsamurai.github.io/igpop/valuesets/condition-outcome.html","strength":"extensible","description":null}}]}}