{"resourceType":"StructureDefinition","id":"hl7.fhir.ae-Patient-ethnicity","description":"Adverse Event Ethnicity Extension","type":"Extension","context":[{"type":"element","expression":"Patient"}],"snapshot":{"element":[{"id":"Extension","path":"Extension","mustSupport":true},{"id":"Extension.value","path":"Extension.value","mustSupport":true,"short":"Adverse Event Ethnicity Extension","type":"CodeableConcept","binding":{"valueSet":"https://healthsamurai.github.io/igpop/valuesets/detailed-ethnicity.html","strength":"extensible","description":null}}]},"differential":{"element":[{"id":"Extension","path":"Extension","mustSupport":true},{"id":"Extension.value","path":"Extension.value","mustSupport":true,"short":"Adverse Event Ethnicity Extension","type":"CodeableConcept","binding":{"valueSet":"https://healthsamurai.github.io/igpop/valuesets/detailed-ethnicity.html","strength":"extensible","description":null}}]}}