{"resourceType":"StructureDefinition","id":"hl7.fhir.ae-RelatedPerson","description":"Information about a person that is involved in the care for a patient, but who is not the target of healthcare, nor has a formal responsibility in the care process.","type":"RelatedPerson","snapshot":{"element":[{"id":"RelatedPerson.id","path":"RelatedPerson.id","mustSupport":true,"short":"Logical id of this artifact","type":"id"},{"id":"RelatedPerson.relationship","path":"RelatedPerson.relationship","mustSupport":true,"collection":true,"short":"The nature of the relationship","type":"CodeableConcept"},{"id":"RelatedPerson.photo","path":"RelatedPerson.photo","mustSupport":true,"collection":true,"short":"Image of the person","type":"Attachment"},{"id":"RelatedPerson.telecom","path":"RelatedPerson.telecom","mustSupport":true,"collection":true,"short":"A contact detail for the person","type":"ContactPoint"},{"id":"RelatedPerson.address","path":"RelatedPerson.address","mustSupport":true,"collection":true,"short":"Address where the related person can be contacted or visited","type":"Address"},{"id":"RelatedPerson.meta","path":"RelatedPerson.meta","mustSupport":true,"short":"Metadata about the resource","type":"Meta"},{"id":"RelatedPerson.name.extension:salutation","path":"RelatedPerson.name.extension","mustSupport":true,"type":[{"code":"Extension"}]},{"id":"RelatedPerson.patient","path":"RelatedPerson.patient","mustSupport":true,"short":"The patient this person is related to","min":1,"type":"Reference"},{"id":"RelatedPerson.communication.id","path":"RelatedPerson.communication.id","mustSupport":true,"short":"Unique id for inter-element referencing","type":"string"},{"id":"RelatedPerson.active","path":"RelatedPerson.active","mustSupport":true,"short":"Whether this related person's record is in active use","type":"boolean"},{"id":"RelatedPerson.identifier","path":"RelatedPerson.identifier","mustSupport":true,"collection":true,"short":"A human identifier for this person","type":"Identifier"},{"id":"RelatedPerson.birthDate","path":"RelatedPerson.birthDate","mustSupport":true,"short":"The date on which the related person was born","type":"date"},{"id":"RelatedPerson.name","path":"RelatedPerson.name","mustSupport":true,"collection":true,"short":"A name associated with the person","type":"HumanName"},{"id":"RelatedPerson","path":"RelatedPerson","mustSupport":true,"short":"Information about a person that is involved in the care for a patient, but who is not the target of healthcare, nor has a formal responsibility in the care process.","kind":"resource"},{"id":"RelatedPerson.communication","path":"RelatedPerson.communication","mustSupport":true,"collection":true,"short":"A language which may be used to communicate with about the patient's health"},{"id":"RelatedPerson.period","path":"RelatedPerson.period","mustSupport":true,"short":"Period of time that this relationship is considered valid","type":"Period"},{"id":"RelatedPerson.text","path":"RelatedPerson.text","mustSupport":true,"short":"Text summary of the resource, for human interpretation","type":"Narrative"},{"id":"RelatedPerson.address.extension:region","path":"RelatedPerson.address.extension","mustSupport":true,"type":[{"code":"Extension"}]},{"id":"RelatedPerson.language","path":"RelatedPerson.language","mustSupport":true,"short":"Language of the resource content","type":"code"},{"id":"RelatedPerson.extension:consentToContactReporter","path":"RelatedPerson.extension","mustSupport":true,"short":"Adverse Event Consent to Contact Extension","type":[{"code":"Extension"}]},{"id":"RelatedPerson.gender","path":"RelatedPerson.gender","mustSupport":true,"short":"male | female | other | unknown","type":"code","binding":{"valueSet":"https://healthsamurai.github.io/igpop/valuesets/administrative-gender.html","strength":"required","description":null}},{"id":"RelatedPerson.communication.language","path":"RelatedPerson.communication.language","mustSupport":true,"short":"The language which can be used to communicate with the patient about his or her health","min":1,"type":"CodeableConcept"},{"id":"RelatedPerson.communication.preferred","path":"RelatedPerson.communication.preferred","mustSupport":true,"short":"Language preference indicator","type":"boolean"}]},"differential":{"element":[{"id":"RelatedPerson","path":"RelatedPerson","mustSupport":true,"short":"Information about a person that is involved in the care for a patient, but who is not the target of healthcare, nor has a formal responsibility in the care process.","kind":"resource"},{"id":"RelatedPerson.extension:consentToContactReporter","path":"RelatedPerson.extension","mustSupport":true,"short":"Adverse Event Consent to Contact Extension","type":[{"code":"Extension"}]},{"id":"RelatedPerson.address","path":"RelatedPerson.address","mustSupport":true},{"id":"RelatedPerson.address.extension:region","path":"RelatedPerson.address.extension","mustSupport":true,"type":[{"code":"Extension"}]},{"id":"RelatedPerson.name","path":"RelatedPerson.name","mustSupport":true},{"id":"RelatedPerson.name.extension:salutation","path":"RelatedPerson.name.extension","mustSupport":true,"type":[{"code":"Extension"}]}]}}