{"resourceType":"StructureDefinition","id":"hl7.fhir.ae-Practitioner","description":"A person who is directly or indirectly involved in the provisioning of healthcare.","type":"Practitioner","snapshot":{"element":[{"id":"Practitioner.qualification","path":"Practitioner.qualification","mustSupport":true,"collection":true,"short":"Certification, licenses, or training pertaining to the provision of care"},{"id":"Practitioner.language","path":"Practitioner.language","mustSupport":true,"short":"Language of the resource content","type":"code"},{"id":"Practitioner.qualification.code","path":"Practitioner.qualification.code","mustSupport":true,"short":"Coded representation of the qualification","min":1,"type":"CodeableConcept"},{"id":"Practitioner.meta","path":"Practitioner.meta","mustSupport":true,"short":"Metadata about the resource","type":"Meta"},{"id":"Practitioner.communication","path":"Practitioner.communication","mustSupport":true,"collection":true,"short":"A language the practitioner can use in patient communication","type":"CodeableConcept"},{"id":"Practitioner.qualification.identifier","path":"Practitioner.qualification.identifier","mustSupport":true,"collection":true,"short":"An identifier for this qualification for the practitioner","type":"Identifier"},{"id":"Practitioner","path":"Practitioner","mustSupport":true,"short":"A person who is directly or indirectly involved in the provisioning of healthcare.","kind":"resource"},{"id":"Practitioner.name","path":"Practitioner.name","mustSupport":true,"collection":true,"short":"The name(s) associated with the practitioner","type":"HumanName"},{"id":"Practitioner.telecom","path":"Practitioner.telecom","mustSupport":true,"collection":true,"short":"A contact detail for the practitioner (that apply to all roles)","type":"ContactPoint"},{"id":"Practitioner.qualification.issuer","path":"Practitioner.qualification.issuer","mustSupport":true,"short":"Organization that regulates and issues the qualification","type":"Reference"},{"id":"Practitioner.photo","path":"Practitioner.photo","mustSupport":true,"collection":true,"short":"Image of the person","type":"Attachment"},{"id":"Practitioner.id","path":"Practitioner.id","mustSupport":true,"short":"Logical id of this artifact","type":"id"},{"id":"Practitioner.active","path":"Practitioner.active","mustSupport":true,"short":"Whether this practitioner's record is in active use","type":"boolean"},{"id":"Practitioner.name.extension:salutation","path":"Practitioner.name.extension","mustSupport":true,"type":[{"code":"Extension"}]},{"id":"Practitioner.gender","path":"Practitioner.gender","mustSupport":true,"short":"male | female | other | unknown","type":"code","binding":{"valueSet":"https://healthsamurai.github.io/igpop/valuesets/administrative-gender.html","strength":"required","description":null}},{"id":"Practitioner.address.extension:region","path":"Practitioner.address.extension","mustSupport":true,"type":[{"code":"Extension"}]},{"id":"Practitioner.extension:consentToContactPractitioner","path":"Practitioner.extension","mustSupport":true,"short":"Adverse Event Consent to Contact Extension","type":[{"code":"Extension"}]},{"id":"Practitioner.address","path":"Practitioner.address","mustSupport":true,"collection":true,"short":"Address(es) of the practitioner that are not role specific (typically home address)","type":"Address"},{"id":"Practitioner.birthDate","path":"Practitioner.birthDate","mustSupport":true,"short":"The date  on which the practitioner was born","type":"date"},{"id":"Practitioner.identifier","path":"Practitioner.identifier","mustSupport":true,"collection":true,"short":"An identifier for the person as this agent","type":"Identifier"},{"id":"Practitioner.qualification.id","path":"Practitioner.qualification.id","mustSupport":true,"short":"Unique id for inter-element referencing","type":"string"},{"id":"Practitioner.text","path":"Practitioner.text","mustSupport":true,"short":"Text summary of the resource, for human interpretation","type":"Narrative"},{"id":"Practitioner.qualification.period","path":"Practitioner.qualification.period","mustSupport":true,"short":"Period during which the qualification is valid","type":"Period"}]},"differential":{"element":[{"id":"Practitioner","path":"Practitioner","mustSupport":true,"short":"A person who is directly or indirectly involved in the provisioning of healthcare.","kind":"resource"},{"id":"Practitioner.extension:consentToContactPractitioner","path":"Practitioner.extension","mustSupport":true,"short":"Adverse Event Consent to Contact Extension","type":[{"code":"Extension"}]},{"id":"Practitioner.address","path":"Practitioner.address","mustSupport":true},{"id":"Practitioner.address.extension:region","path":"Practitioner.address.extension","mustSupport":true,"type":[{"code":"Extension"}]},{"id":"Practitioner.name","path":"Practitioner.name","mustSupport":true},{"id":"Practitioner.name.extension:salutation","path":"Practitioner.name.extension","mustSupport":true,"type":[{"code":"Extension"}]}]}}