{"resourceType":"StructureDefinition","id":"hl7.fhir.ae-Observation","description":"Measurements and simple assertions made about a patient, device or other subject.","type":"Observation","snapshot":{"element":[{"id":"Observation.bodySite","path":"Observation.bodySite","mustSupport":true,"short":"Observed body part","type":"CodeableConcept"},{"id":"Observation.component.interpretation","path":"Observation.component.interpretation","mustSupport":true,"collection":true,"short":"High, low, normal, etc.","type":"CodeableConcept"},{"id":"Observation.identifier","path":"Observation.identifier","mustSupport":true,"collection":true,"short":"Business Identifier for observation","type":"Identifier"},{"id":"Observation.performer","path":"Observation.performer","mustSupport":true,"collection":true,"short":"Who is responsible for the observation","type":"Reference"},{"id":"Observation.basedOn","path":"Observation.basedOn","mustSupport":true,"collection":true,"short":"Fulfills plan, proposal or order","type":"Reference"},{"id":"Observation.referenceRange.id","path":"Observation.referenceRange.id","mustSupport":true,"short":"Unique id for inter-element referencing","type":"string"},{"id":"Observation.id","path":"Observation.id","mustSupport":true,"short":"Logical id of this artifact","type":"id"},{"id":"Observation.specimen","path":"Observation.specimen","mustSupport":true,"short":"Specimen used for this observation","type":"Reference"},{"id":"Observation.component.dataAbsentReason","path":"Observation.component.dataAbsentReason","mustSupport":true,"short":"Why the component result is missing","type":"CodeableConcept"},{"id":"Observation.category","path":"Observation.category","mustSupport":true,"collection":true,"short":"Classification of  type of observation","type":"CodeableConcept"},{"id":"Observation.note","path":"Observation.note","mustSupport":true,"collection":true,"short":"Comments about the observation","type":"Annotation"},{"id":"Observation.referenceRange.low","path":"Observation.referenceRange.low","mustSupport":true,"short":"Low Range, if relevant","type":"Quantity"},{"id":"Observation.value[x]","path":"Observation.value[x]","mustSupport":true,"short":"Actual result","type":[{"code":"Quantity"},{"code":"CodeableConcept"},{"code":"string"},{"code":"boolean"},{"code":"integer"},{"code":"Range"},{"code":"Ratio"},{"code":"SampledData"},{"code":"time"},{"code":"dateTime"},{"code":"Period"}]},{"id":"Observation.referenceRange.type","path":"Observation.referenceRange.type","mustSupport":true,"short":"Reference range qualifier","type":"CodeableConcept"},{"id":"Observation.component","path":"Observation.component","mustSupport":true,"collection":true,"short":"Component results"},{"id":"Observation.interpretation","path":"Observation.interpretation","mustSupport":true,"collection":true,"short":"High, low, normal, etc.","type":"CodeableConcept"},{"id":"Observation.extension:pregnancyDueDate","path":"Observation.extension","mustSupport":true,"short":"Pregnancy Due Date","type":[{"code":"Extension"}]},{"id":"Observation.partOf","path":"Observation.partOf","mustSupport":true,"collection":true,"short":"Part of referenced event","type":"Reference"},{"id":"Observation.component.code","path":"Observation.component.code","mustSupport":true,"short":"Type of component observation (code / type)","min":1,"type":"CodeableConcept"},{"id":"Observation.encounter","path":"Observation.encounter","mustSupport":true,"short":"Healthcare event during which this observation is made","type":"Reference"},{"id":"Observation.component.value[x]","path":"Observation.component.value[x]","mustSupport":true,"short":"Actual component result","type":[{"code":"Quantity"},{"code":"CodeableConcept"},{"code":"string"},{"code":"boolean"},{"code":"integer"},{"code":"Range"},{"code":"Ratio"},{"code":"SampledData"},{"code":"time"},{"code":"dateTime"},{"code":"Period"}]},{"id":"Observation.effective[x]","path":"Observation.effective[x]","mustSupport":true,"short":"Clinically relevant time/time-period for observation","type":[{"code":"dateTime"},{"code":"Period"},{"code":"Timing"},{"code":"instant"}]},{"id":"Observation.extension:previousPregnanciesDetails","path":"Observation.extension","mustSupport":true,"short":"Details of previous pregnancies","type":[{"code":"Extension"}]},{"id":"Observation.component.id","path":"Observation.component.id","mustSupport":true,"short":"Unique id for inter-element referencing","type":"string"},{"id":"Observation.code","path":"Observation.code","mustSupport":true,"short":"Type of observation (code / type)","min":1,"type":"CodeableConcept"},{"id":"Observation.referenceRange.text","path":"Observation.referenceRange.text","mustSupport":true,"short":"Text based reference range in an observation","type":"string"},{"id":"Observation.hasMember","path":"Observation.hasMember","mustSupport":true,"collection":true,"short":"Related resource that belongs to the Observation group","type":"Reference"},{"id":"Observation.issued","path":"Observation.issued","mustSupport":true,"short":"Date/Time this version was made available","type":"instant"},{"id":"Observation.meta","path":"Observation.meta","mustSupport":true,"short":"Metadata about the resource","type":"Meta"},{"id":"Observation","path":"Observation","mustSupport":true,"short":"Measurements and simple assertions made about a patient, device or other subject.","kind":"resource"},{"id":"Observation.referenceRange","path":"Observation.referenceRange","mustSupport":true,"collection":true,"short":"Provides guide for interpretation"},{"id":"Observation.referenceRange.high","path":"Observation.referenceRange.high","mustSupport":true,"short":"High Range, if relevant","type":"Quantity"},{"id":"Observation.device","path":"Observation.device","mustSupport":true,"short":"(Measurement) Device","type":"Reference"},{"id":"Observation.component.referenceRange","path":"Observation.component.referenceRange","mustSupport":true,"collection":true,"short":"Provides guide for interpretation of component result"},{"id":"Observation.status","path":"Observation.status","mustSupport":true,"short":"registered | preliminary | final | amended +","min":1,"type":"code","binding":{"valueSet":"https://healthsamurai.github.io/igpop/valuesets/observation-status.html","strength":"required","description":null}},{"id":"Observation.text","path":"Observation.text","mustSupport":true,"short":"Text summary of the resource, for human interpretation","type":"Narrative"},{"id":"Observation.subject","path":"Observation.subject","mustSupport":true,"short":"Who and/or what the observation is about","type":"Reference"},{"id":"Observation.language","path":"Observation.language","mustSupport":true,"short":"Language of the resource content","type":"code"},{"id":"Observation.referenceRange.appliesTo","path":"Observation.referenceRange.appliesTo","mustSupport":true,"collection":true,"short":"Reference range population","type":"CodeableConcept"},{"id":"Observation.focus","path":"Observation.focus","mustSupport":true,"collection":true,"short":"What the observation is about, when it is not about the subject of record","type":"Reference"},{"id":"Observation.derivedFrom","path":"Observation.derivedFrom","mustSupport":true,"collection":true,"short":"Related measurements the observation is made from","type":"Reference"},{"id":"Observation.extension:pregnancyFlag","path":"Observation.extension","mustSupport":true,"short":"Pregnancy","type":[{"code":"Extension"}]},{"id":"Observation.method","path":"Observation.method","mustSupport":true,"short":"How it was done","type":"CodeableConcept"},{"id":"Observation.dataAbsentReason","path":"Observation.dataAbsentReason","mustSupport":true,"short":"Why the result is missing","type":"CodeableConcept"},{"id":"Observation.referenceRange.age","path":"Observation.referenceRange.age","mustSupport":true,"short":"Applicable age range, if relevant","type":"Range"}]},"differential":{"element":[{"id":"Observation","path":"Observation","mustSupport":true,"short":"Measurements and simple assertions made about a patient, device or other subject.","kind":"resource"},{"id":"Observation.extension:pregnancyFlag","path":"Observation.extension","mustSupport":true,"short":"Pregnancy","type":[{"code":"Extension"}]},{"id":"Observation.extension:pregnancyDueDate","path":"Observation.extension","mustSupport":true,"short":"Pregnancy Due Date","type":[{"code":"Extension"}]},{"id":"Observation.extension:previousPregnanciesDetails","path":"Observation.extension","mustSupport":true,"short":"Details of previous pregnancies","type":[{"code":"Extension"}]}]}}