{"resourceType":"StructureDefinition","id":"hl7.fhir.ae-AdverseEvent-lateReason","description":"Late reason for raising adverse event","type":"Extension","context":[{"type":"element","expression":"AdverseEvent"}],"snapshot":{"element":[{"id":"Extension","path":"Extension","mustSupport":true},{"id":"Extension.value","path":"Extension.value","mustSupport":true,"short":"Late reason for raising adverse event","type":"string"}]},"differential":{"element":[{"id":"Extension","path":"Extension","mustSupport":true},{"id":"Extension.value","path":"Extension.value","mustSupport":true,"short":"Late reason for raising adverse event","type":"string"}]}}