{"resourceType":"StructureDefinition","id":"hl7.fhir.ae-MedicationAdministration","description":"Describes the event of a patient consuming or otherwise being administered a medication.  This may be as simple as swallowing a tablet or it may be a long running infusion.  Related resources tie this event to the authorizing prescription, and the specific encounter between patient and health care practitioner.","type":"MedicationAdministration","snapshot":{"element":[{"id":"MedicationAdministration.performer.id","path":"MedicationAdministration.performer.id","mustSupport":true,"short":"Unique id for inter-element referencing","type":"string"},{"id":"MedicationAdministration.reasonReference","path":"MedicationAdministration.reasonReference","mustSupport":true,"collection":true,"short":"Condition or observation that supports why the medication was administered","type":"Reference"},{"id":"MedicationAdministration.context","path":"MedicationAdministration.context","mustSupport":true,"short":"Encounter or Episode of Care administered as part of","type":"Reference"},{"id":"MedicationAdministration.performer.function","path":"MedicationAdministration.performer.function","mustSupport":true,"short":"Type of performance","type":"CodeableConcept"},{"id":"MedicationAdministration.partOf","path":"MedicationAdministration.partOf","mustSupport":true,"collection":true,"short":"Part of referenced event","type":"Reference"},{"id":"MedicationAdministration.dosage.method","path":"MedicationAdministration.dosage.method","mustSupport":true,"short":"How drug was administered","type":"CodeableConcept"},{"id":"MedicationAdministration.reasonCode","path":"MedicationAdministration.reasonCode","mustSupport":true,"collection":true,"short":"Reason administration performed","type":"CodeableConcept"},{"id":"MedicationAdministration.extension:operatorDeviceOther","path":"MedicationAdministration.extension","mustSupport":true,"type":[{"code":"Extension"}]},{"id":"MedicationAdministration.effective[x]","path":"MedicationAdministration.effective[x]","mustSupport":true,"short":"Start and end time of administration","min":1,"type":[{"code":"dateTime"},{"code":"Period"}]},{"id":"MedicationAdministration.dosage.site","path":"MedicationAdministration.dosage.site","mustSupport":true,"short":"Body site administered to","type":"CodeableConcept"},{"id":"MedicationAdministration.medication[x]","path":"MedicationAdministration.medication[x]","mustSupport":true,"short":"What was administered","min":1,"type":[{"code":"CodeableConcept"},{"code":"Reference"}]},{"id":"MedicationAdministration.dosage.route","path":"MedicationAdministration.dosage.route","mustSupport":true,"short":"Path of substance into body","type":"CodeableConcept"},{"id":"MedicationAdministration.id","path":"MedicationAdministration.id","mustSupport":true,"short":"Logical id of this artifact","type":"id"},{"id":"MedicationAdministration.status","path":"MedicationAdministration.status","mustSupport":true,"short":"in-progress | not-done | on-hold | completed | entered-in-error | stopped | unknown","min":1,"type":"code","binding":{"valueSet":"https://healthsamurai.github.io/igpop/valuesets/medication-admin-status.html","strength":"required","description":null}},{"id":"MedicationAdministration.extension:operatorDevice","path":"MedicationAdministration.extension","mustSupport":true,"type":[{"code":"Extension"}]},{"id":"MedicationAdministration.note","path":"MedicationAdministration.note","mustSupport":true,"collection":true,"short":"Information about the administration","type":"Annotation"},{"id":"MedicationAdministration.supportingInformation","path":"MedicationAdministration.supportingInformation","mustSupport":true,"collection":true,"short":"Additional information to support administration","type":"Reference"},{"id":"MedicationAdministration.performer.actor","path":"MedicationAdministration.performer.actor","mustSupport":true,"short":"Who performed the medication administration","min":1,"type":"Reference"},{"id":"MedicationAdministration.dosage.extension:unit","path":"MedicationAdministration.dosage.extension","mustSupport":true,"type":[{"code":"Extension"}]},{"id":"MedicationAdministration.meta","path":"MedicationAdministration.meta","mustSupport":true,"short":"Metadata about the resource","type":"Meta"},{"id":"MedicationAdministration.eventHistory","path":"MedicationAdministration.eventHistory","mustSupport":true,"collection":true,"short":"A list of events of interest in the lifecycle","type":"Reference"},{"id":"MedicationAdministration.statusReason","path":"MedicationAdministration.statusReason","mustSupport":true,"collection":true,"short":"Reason administration not performed","type":"CodeableConcept"},{"id":"MedicationAdministration.category","path":"MedicationAdministration.category","mustSupport":true,"short":"Type of medication usage","type":"CodeableConcept"},{"id":"MedicationAdministration.performer","path":"MedicationAdministration.performer","mustSupport":true,"collection":true,"short":"Who performed the medication administration and what they did"},{"id":"MedicationAdministration.dosage.dose","path":"MedicationAdministration.dosage.dose","mustSupport":true,"short":"Amount of medication per dose","type":"Quantity"},{"id":"MedicationAdministration.text","path":"MedicationAdministration.text","mustSupport":true,"short":"Text summary of the resource, for human interpretation","type":"Narrative"},{"id":"MedicationAdministration.extension:actionTaken","path":"MedicationAdministration.extension","mustSupport":true,"type":[{"code":"Extension"}]},{"id":"MedicationAdministration.dosage","path":"MedicationAdministration.dosage","mustSupport":true,"short":"Details of how medication was taken"},{"id":"MedicationAdministration.extension:productType","path":"MedicationAdministration.extension","mustSupport":true,"type":[{"code":"Extension"}]},{"id":"MedicationAdministration.dosage.id","path":"MedicationAdministration.dosage.id","mustSupport":true,"short":"Unique id for inter-element referencing","type":"string"},{"id":"MedicationAdministration.dosage.rate[x]","path":"MedicationAdministration.dosage.rate[x]","mustSupport":true,"short":"Dose quantity per unit of time","type":[{"code":"Ratio"},{"code":"Quantity"}]},{"id":"MedicationAdministration.request","path":"MedicationAdministration.request","mustSupport":true,"short":"Request administration performed against","type":"Reference"},{"id":"MedicationAdministration","path":"MedicationAdministration","mustSupport":true,"short":"Describes the event of a patient consuming or otherwise being administered a medication.  This may be as simple as swallowing a tablet or it may be a long running infusion.  Related resources tie this event to the authorizing prescription, and the specific encounter between patient and health care practitioner.","kind":"resource"},{"id":"MedicationAdministration.instantiates","path":"MedicationAdministration.instantiates","mustSupport":true,"collection":true,"short":"Instantiates protocol or definition","type":"uri"},{"id":"MedicationAdministration.identifier","path":"MedicationAdministration.identifier","mustSupport":true,"collection":true,"short":"External identifier","type":"Identifier"},{"id":"MedicationAdministration.device","path":"MedicationAdministration.device","mustSupport":true,"collection":true,"short":"Device used to administer","type":"Reference"},{"id":"MedicationAdministration.subject","path":"MedicationAdministration.subject","mustSupport":true,"short":"Who received medication","min":1,"type":"Reference"},{"id":"MedicationAdministration.dosage.text","path":"MedicationAdministration.dosage.text","mustSupport":true,"short":"Free text dosage instructions e.g. SIG","type":"string"},{"id":"MedicationAdministration.dosage.extension:frequency","path":"MedicationAdministration.dosage.extension","mustSupport":true,"type":[{"code":"Extension"}]},{"id":"MedicationAdministration.language","path":"MedicationAdministration.language","mustSupport":true,"short":"Language of the resource content","type":"code"}]},"differential":{"element":[{"id":"MedicationAdministration","path":"MedicationAdministration","mustSupport":true,"kind":"resource"},{"id":"MedicationAdministration.extension:actionTaken","path":"MedicationAdministration.extension","mustSupport":true,"type":[{"code":"Extension"}]},{"id":"MedicationAdministration.extension:operatorDevice","path":"MedicationAdministration.extension","mustSupport":true,"type":[{"code":"Extension"}]},{"id":"MedicationAdministration.extension:operatorDeviceOther","path":"MedicationAdministration.extension","mustSupport":true,"type":[{"code":"Extension"}]},{"id":"MedicationAdministration.extension:productType","path":"MedicationAdministration.extension","mustSupport":true,"type":[{"code":"Extension"}]},{"id":"MedicationAdministration.dosage","path":"MedicationAdministration.dosage","mustSupport":true},{"id":"MedicationAdministration.dosage.extension:frequency","path":"MedicationAdministration.dosage.extension","mustSupport":true,"type":[{"code":"Extension"}]},{"id":"MedicationAdministration.dosage.extension:unit","path":"MedicationAdministration.dosage.extension","mustSupport":true,"type":[{"code":"Extension"}]}]}}