{"resourceType":"StructureDefinition","id":"hl7.fhir.ae-Condition-outcome","description":null,"type":"Extension","context":[{"type":"element","expression":"Condition"}],"snapshot":{"element":[{"id":"Extension","path":"Extension","mustSupport":true},{"id":"Extension.value","path":"Extension.value","mustSupport":true,"type":"CodableConcept","binding":{"valueSet":"https://healthsamurai.github.io/igpop/valuesets/condition-outcome.html","strength":"extensible","description":null}}]},"differential":{"element":[{"id":"Extension","path":"Extension","mustSupport":true},{"id":"Extension.value","path":"Extension.value","mustSupport":true,"type":"CodableConcept","binding":{"valueSet":"https://healthsamurai.github.io/igpop/valuesets/condition-outcome.html","strength":"extensible","description":null}}]}}