{"resourceType":"StructureDefinition","id":"hl7.fhir.ae-AdverseEvent-localReference","description":"Local Ref No","type":"Extension","context":[{"type":"element","expression":"AdverseEvent"}],"snapshot":{"element":[{"id":"Extension","path":"Extension","mustSupport":true},{"id":"Extension.value","path":"Extension.value","mustSupport":true,"short":"Local Ref No","type":"string"}]},"differential":{"element":[{"id":"Extension","path":"Extension","mustSupport":true},{"id":"Extension.value","path":"Extension.value","mustSupport":true,"short":"Local Ref No","type":"string"}]}}